Workbook

Sheet Students
A1: University ID | B1: Last Name | C1: First Name | D1: Prog Code | E1: Subject Name | F1: Fees | G1: Class | H1: FT/PT | I1: Residence Hall
A2: 9100 | B2: Kawamoto | C2: Motonari | D2: BL-BI | E2: Biology | F2: =VLOOKUP(E2,'Program Fees'!A2:B24,2,FALSE) -> 27 | G2: Senior | H2: Full time | I2: Newton
A3: 9101 | B3: Niwa | C3: Romi | D3: BL-GEOL | E3: Geology | F3: =VLOOKUP(E3,'Program Fees'!A3:B25,2,FALSE) -> 36 | G3: Senior | H3: Full time | I3: King
A4: 9102 | B4: Echevarría Agosto | C4: Raffi | D4: BL-BUS | E4: Business | F4: =VLOOKUP(E4,'Program Fees'!A4:B26,2,FALSE) -> 86 | G4: Sophomore | H4: Part time | I4: Abernathy
A5: 9103 | B5: Cruz Alanis | C5: Jasper | D5: BL-MUS | E5: Music | F5: =VLOOKUP(E5,'Program Fees'!A5:B27,2,FALSE) -> 46 | G5: Masters | H5: Full time | I5: Abernathy
A6: 9104 | B6: Martinez | C6: Mary | D6: BL-EDUC | E6: Education | F6: =VLOOKUP(E6,'Program Fees'!A6:B28,2,FALSE) -> 74 | G6: Doctorate | H6: Full time | I6: Seale
A7: 9105 | B7: Cotto Alfaro | C7: Bernabé | D7: BL-JOUR | E7: Journalism | F7: =VLOOKUP(E7,'Program Fees'!A7:B29,2,FALSE) -> 81 | G7: Senior | H7: Full time | I7: Carmichael
A8: 9106 | B8: Valles Amador | C8: Jeny | D8: BL-OPT | E8: Optometry | F8: =VLOOKUP(E8,'Program Fees'!A8:B30,2,FALSE) -> 75 | G8: Professional Fourth | H8: Full time | I8: off-campus
A9: 9107 | B9: Rainey | C9: David | D9: BL-BUS | E9: Business | F9: =VLOOKUP(E9,'Program Fees'!A2:B24,2,) -> 86 | G9: Senior | H9: Part time | I9: Seale
A10: 9108 | B10: Barraza Anguiano | C10: Lorujama | D10: BL-UDIV | E10: Theatre | F10: =VLOOKUP(E10,'Program Fees'!A10:B32,2,FALSE) -> 64 | G10: Sophomore | H10: Full time | I10: off-campus
A11: 9109 | B11: Nemoto | C11: Haruna | D11: BL-EDUC | E11: Education | F11: =VLOOKUP(E11,'Program Fees'!A2:B24,2,FALSE) -> 74 | G11: Junior | H11: Full time | I11: Jackson
A12: 9110 | B12: Abe | C12: Osami | D12: BL-AMID | E12: Theatre | F12: =VLOOKUP(E12,'Program Fees'!A2:B24,2,FALSE) -> 64 | G12: Senior | H12: Full time | I12: Seale
A13: 9111 | B13: Lozano Aranda | C13: Amilcar | D13: BL-EALC | E13: Education | F13: =VLOOKUP(E13,'Program Fees'!A2:B24,2,FALSE) -> 74 | G13: Junior | H13: Part time | I13: Evers
A14: 9112 | B14: Alva Arce | C14: Romelio | D14: BL-EDUC | E14: Education | F14: =VLOOKUP(E14,'Program Fees'!A2:B24,2,FALSE) -> 74 | G14: Senior | H14: Full time | I14: Seale
A15: 9113 | B15: Muñoz Arce | C15: Aurea | D15: BL-HPER | E15: Health | F15: =VLOOKUP(E15,'Program Fees'!A2:B24,2,FALSE) -> 58 | G15: Sophomore | H15: Full time | I15: Newton
A16: 9114 | B16: Hernández Arteaga | C16: Zuleica | D16: BL-FINA | E16: Fine Arts | F16: =VLOOKUP(E16,'Program Fees'!A3:B25,2,FALSE) -> 49 | G16: Junior | H16: Full time | I16: off-campus
A17: 9115 | B17: Woosley | C17: Rebecca | D17: BL-BI | E17: Health | F17: =VLOOKUP(E17,'Program Fees'!A4:B26,2,FALSE) -> 58 | G17: Sophomore | H17: Full time | I17: Evers
A18: 9116 | B18: Asai | C18: Kiyotaka | D18: BL-JOUR | E18: Journalism | F18: =VLOOKUP(E18,'Program Fees'!A5:B27,2,FALSE) -> 81 | G18: Junior | H18: Full time | I18: Evers
A19: 9117 | B19: Takaki | C19: Rieka | D19: BL-EDUC | E19: Education | F19: =VLOOKUP(E19,'Program Fees'!A6:B28,2,FALSE) -> 74 | G19: Junior | H19: Full time | I19: Carmichael
A20: 9118 | B20: Vicente | C20: David | D20: BL-MUS | E20: Music | F20: =VLOOKUP(E20,'Program Fees'!A7:B29,2,FALSE) -> 46 | G20: Junior | H20: Full time | I20: Jackson
A21: 9119 | B21: Cordova Avilés | C21: Nasha | D21: BL-CJUS | E21: Criminal Justice | F21: =VLOOKUP(E21,'Program Fees'!A2:B24,2,FALSE) -> 60 | G21: Junior | H21: Full time | I21: King
A22: 9120 | B22: Shaw | C22: Richard | D22: BL-BI | E22: Biology | F22: =VLOOKUP(E22,'Program Fees'!A2:B24,2,FALSE) -> 27 | G22: Junior | H22: Full time | I22: off-campus
A23: 9121 | B23: Tyler | C23: Ella | D23: BL-BUS | E23: Business | F23: =VLOOKUP(E23,'Program Fees'!A2:B24,2,FALSE) -> 86 | G23: Sophomore | H23: Full time | I23: Carmichael
A24: 9122 | B24: Riddick | C24: Robert | D24: BL-INFO | E24: Informatics | F24: =VLOOKUP(E24,'Program Fees'!A11:B33,2,FALSE) -> 85 | G24: Junior | H24: Part time | I24: Evers
A25: 9123 | B25: Hurtado Barela | C25: Dunstano | D25: BL-PSY | E25: Psychology | F25: =VLOOKUP(E25,'Program Fees'!A12:B34,2,FALSE) -> 24 | G25: Senior | H25: Full time | I25: Abernathy
A26: 9124 | B26: Wester | C26: Lisa | D26: BL-BUS | E26: Business | F26: =VLOOKUP(E26,'Program Fees'!A2:B24,2,FALSE) -> 86 | G26: Junior | H26: Full time | I26: Seale
A27: 9125 | B27: Hardin | C27: Lucien | D27: BL-PSY | E27: Psychology | F27: =VLOOKUP(E27,'Program Fees'!A2:B24,2,FALSE) -> 24 | G27: Senior | H27: Full time | I27: King
A28: 9126 | B28: Chang | C28: Jacob | D28: BL-FINA | E28: Fine Arts | F28: =VLOOKUP(E28,'Program Fees'!A2:B24,2,FALSE) -> 49 | G28: Senior | H28: Part time | I28: Seale
A29: 9127 | B29: Cervántez Benavidez | C29: Jovianne | D29: BL-EDUC | E29: Education | F29: =VLOOKUP(E29,'Program Fees'!A2:B24,2,FALSE) -> 74 | G29: Senior | H29: Full time | I29: King
A30: 9128 | B30: Connors | C30: April | D30: BL-SCS | E30: Music | F30: =VLOOKUP(E30,'Program Fees'!A2:B24,2,FALSE) -> 46 | G30: Undergrad Special | H30: Part time | I30: Newton
A31: 9129 | B31: Vasquez | C31: Geraldine | D31: BL-BUS | E31: Business | F31: =VLOOKUP(E31,'Program Fees'!A2:B24,2,FALSE) -> 86 | G31: Sophomore | H31: Full time | I31: Seale
A32: 9130 | B32: Lucas | C32: Julio | D32: BL-BUS | E32: Business | F32: =VLOOKUP(E32,'Program Fees'!A2:B24,2,FALSE) -> 86 | G32: Senior | H32: Full time | I32: Seale
A33: 9131 | B33: Hughes | C33: Peter | D33: BL-TELC | E33: Telecommunications | F33: =VLOOKUP(E33,'Program Fees'!A2:B24,2,FALSE) -> 41 | G33: Senior | H33: Full time | I33: off-campus
A34: 9132 | B34: Rosales | C34: Helen | D34: BL-HPER | E34: Health | F34: =VLOOKUP(E34,'Program Fees'!A2:B24,2,FALSE) -> 58 | G34: Sophomore | H34: Full time | I34: Evers
A35: 9133 | B35: Monnin | C35: Carl | D35: BL-FINA | E35: Fine Arts | F35: =VLOOKUP(E35,'Program Fees'!A2:B24,2,FALSE) -> 49 | G35: Sophomore | H35: Full time | I35: Carmichael
A36: 9134 | B36: Peachey | C36: Byron | D36: BL-BI | E36: Biology | F36: =VLOOKUP(E36,'Program Fees'!A2:B24,2,FALSE) -> 27 | G36: Junior | H36: Part time | I36: Jackson
A37: 9135 | B37: Henderson | C37: Lydia | D37: BL-BUS | E37: Business | F37: =VLOOKUP(E37,'Program Fees'!A2:B24,2,FALSE) -> 86 | G37: Masters | H37: Full time | I37: off-campus
A38: 9136 | B38: Fernandez | C38: Arthur | D38: BL-BUS | E38: Business | F38: =VLOOKUP(E38,'Program Fees'!A2:B24,2,FALSE) -> 86 | G38: Masters | H38: Full time | I38: Carmichael
A39: 9137 | B39: Newman | C39: Bradley | D39: BL-AMID | E39: Apparel Merchandising | F39: =VLOOKUP(E39,'Program Fees'!A2:B24,2,FALSE) -> 25 | G39: Sophomore | H39: Full time | I39: King
A40: 9138 | B40: Fuller | C40: Jason | D40: BL-BUS | E40: Business | F40: =VLOOKUP(E40,'Program Fees'!A2:B24,2,FALSE) -> 86 | G40: Senior | H40: Full time | I40: Carmichael
A41: 9139 | B41: Zavala Briones | C41: Barlaan | D41: BL-EALC | E41: Education | F41: =VLOOKUP(E41,'Program Fees'!A2:B24,2,FALSE) -> 74 | G41: Sophomore | H41: Part time | I41: Abernathy
A42: 9140 | B42: Marchant | C42: Kurt | D42: BL-HPER | E42: Health | F42: =VLOOKUP(E42,'Program Fees'!A2:B24,2,FALSE) -> 58 | G42: Senior | H42: Full time | I42: Seale
A43: 9141 | B43: Cordle | C43: Martha | D43: BL-EDUC | E43: Education | F43: =VLOOKUP(E43,'Program Fees'!A2:B24,2,FALSE) -> 74 | G43: Sophomore | H43: Full time | I43: Newton
A44: 9142 | B44: Gracia Bueno | C44: Quimey | D44: BL-BI | E44: Biology | F44: =VLOOKUP(E44,'Program Fees'!A2:B24,2,FALSE) -> 27 | G44: Senior | H44: Full time | I44: Wilkins
A45: 9143 | B45: Jordan | C45: Robert | D45: BL-AMID | E45: Apparel Merchandising | F45: =VLOOKUP(E45,'Program Fees'!A2:B24,2,FALSE) -> 25 | G45: Junior | H45: Full time | I45: Jackson
A46: 9144 | B46: Dean | C46: Juan | D46: BL-EDUC | E46: Education | F46: =VLOOKUP(E46,'Program Fees'!A2:B24,2,FALSE) -> 74 | G46: Senior | H46: Full time | I46: Newton
A47: 9145 | B47: Stratz | C47: Gertrude | D47: BL-UDIV | E47: Theatre | F47: =VLOOKUP(E47,'Program Fees'!A2:B24,2,FALSE) -> 64 | G47: Sophomore | H47: Part time | I47: Wilkins
A48: 9146 | B48: Pabón Cabán | C48: Iguazel | D48: BL-EDUC | E48: Education | F48: =VLOOKUP(E48,'Program Fees'!A2:B24,2,FALSE) -> 74 | G48: Sophomore | H48: Full time | I48: Evers
A49: 9147 | B49: Montez Campos | C49: Alem | D49: BL-FINA | E49: Fine Arts | F49: =VLOOKUP(E49,'Program Fees'!A2:B24,2,FALSE) -> 49 | G49: Junior | H49: Full time | I49: Wilkins
A50: 9148 | B50: Portillo Cano | C50: Natan | D50: BL-UDIV | E50: Theatre | F50: =VLOOKUP(E50,'Program Fees'!A2:B24,2,FALSE) -> 64 | G50: Sophomore | H50: Full time | I50: King
A51: 9149 | B51: Godfrey | C51: Shannon | D51: BL-HPER | E51: Health | F51: =VLOOKUP(E51,'Program Fees'!A2:B24,2,FALSE) -> 58 | G51: Senior | H51: Full time | I51: King
A52: 9150 | B52: Huff | C52: Scott | D52: BL-BUS | E52: Business | F52: =VLOOKUP(E52,'Program Fees'!A2:B24,2,FALSE) -> 86 | G52: Senior | H52: Full time | I52: Newton
A53: 9151 | B53: Black | C53: Billy | D53: BL-MATH | E53: Mathematics | F53: =VLOOKUP(E53,'Program Fees'!A2:B24,2,FALSE) -> 42 | G53: Junior | H53: Part time | I53: Evers
A54: 9152 | B54: Matías Castellanos | C54: Vittorio | D54: BL-HPER | E54: Health | F54: =VLOOKUP(E54,'Program Fees'!A2:B24,2,FALSE) -> 58 | G54: Junior | H54: Full time | I54: Wilkins
A55: 9153 | B55: Goolsby | C55: Ora | D55: BL-ANTH | E55: Anthropology | F55: =VLOOKUP(E55,'Program Fees'!A2:B24,2,FALSE) -> 23 | G55: Junior | H55: Full time | I55: King
A56: 9154 | B56: Jackson | C56: Mindy | D56: BL-BI | E56: Biology | F56: =VLOOKUP(E56,'Program Fees'!A2:B24,2,FALSE) -> 27 | G56: Junior | H56: Full time | I56: Newton
A57: 9155 | B57: Armijo Cazares | C57: Valderrama | D57: BL-HPER | E57: Health | F57: =VLOOKUP(E57,'Program Fees'!A3:B25,2,FALSE) -> 58 | G57: Sophomore | H57: Full time | I57: Evers
A58: 9156 | B58: Caldera Ceballos | C58: Teseo | D58: BL-CMCL | E58: Communication | F58: =VLOOKUP(E58,'Program Fees'!A4:B26,2,FALSE) -> 21 | G58: Junior | H58: Full time | I58: Carmichael
A59: 9157 | B59: Amador Cedillo | C59: Bela | D59: BL-ARSC | E59: Psychology | F59: =VLOOKUP(E59,'Program Fees'!A5:B27,2,FALSE) -> 24 | G59: Sophomore | H59: Full time | I59: King
A60: 9158 | B60: Foreman | C60: James | D60: BL-POLS | E60: Political Science | F60: =VLOOKUP(E60,'Program Fees'!A6:B28,2,FALSE) -> 20 | G60: Sophomore | H60: Full time | I60: Seale
A61: 9159 | B61: Binette | C61: Daniel | D61: BL-LAWS | E61: Law | F61: =VLOOKUP(E61,'Program Fees'!A7:B29,2,FALSE) -> 68 | G61: Professional Fourth | H61: Full time | I61: Carmichael
A62: 9160 | B62: Ma | C62: An | D62: BL-POLS | E62: Political Science | F62: =VLOOKUP(E62,'Program Fees'!A8:B30,2,FALSE) -> 20 | G62: Senior | H62: Full time | I62: Evers
A63: 9161 | B63: Pan | C63: Cui | D63: BL-NELC | E63: Psychology | F63: =VLOOKUP(E63,'Program Fees'!A9:B31,2,FALSE) -> 24 | G63: Masters | H63: Part time | I63: off-campus
A64: 9162 | B64: Hsü | C64: Ping | D64: BL-BI | E64: Biology | F64: =VLOOKUP(E64,'Program Fees'!A2:B24,2,FALSE) -> 27 | G64: Sophomore | H64: Part time | I64: Jackson
A65: 9163 | B65: Jen | C65: Chang | D65: BL-PSY | E65: Psychology | F65: =VLOOKUP(E65,'Program Fees'!A11:B33,2,FALSE) -> 24 | G65: Junior | H65: Full time | I65: Jackson
A66: 9164 | B66: Yao | C66: Shi | D66: BL-HPER | E66: Health | F66: =VLOOKUP(E66,'Program Fees'!A12:B34,2,FALSE) -> 58 | G66: Sophomore | H66: Part time | I66: Carmichael
A67: 9165 | B67: K'ung | C67: Yue Wan | D67: BL-GEOL | E67: Geology | F67: =VLOOKUP(E67,'Program Fees'!A2:B24,2,FALSE) -> 36 | G67: Junior | H67: Full time | I67: Carmichael
A68: 9166 | B68: Hou | C68: Lian | D68: BL-BUS | E68: Business | F68: =VLOOKUP(E68,'Program Fees'!A2:B24,2,FALSE) -> 86 | G68: Sophomore | H68: Part time | I68: Newton
A69: 9167 | B69: Niita | C69: Ikkei | D69: BL-EDUC | E69: Education | F69: =VLOOKUP(E69,'Program Fees'!A2:B24,2,FALSE) -> 74 | G69: Junior | H69: Full time | I69: Carmichael
A70: 9168 | B70: Kelly | C70: Gloria | D70: BL-THTR | E70: Theatre | F70: =VLOOKUP(E70,'Program Fees'!A2:B24,2,FALSE) -> 64 | G70: Freshman | H70: Full time | I70: Jackson
A71: 9169 | B71: Wu | C71: Dewei | D71: BL-DENT | E71: Geology | F71: =VLOOKUP(E71,'Program Fees'!A2:B24,2,FALSE) -> 36 | G71: Sophomore | H71: Part time | I71: Wilkins
A72: 9170 | B72: Liang | C72: Yue Yan | D72: BL-HPER | E72: Health | F72: =VLOOKUP(E72,'Program Fees'!A2:B24,2,FALSE) -> 58 | G72: Senior | H72: Full time | I72: Jackson
A73: 9171 | B73: Smith | C73: Dudley | D73: BL-PSY | E73: Psychology | F73: =VLOOKUP(E73,'Program Fees'!A19:B41,2,FALSE) -> 24 | G73: Junior | H73: Full time | I73: Evers
A74: 9172 | B74: Ferro | C74: Susan | D74: BL-SPEA | E74: Public and Environmental Affairs | F74: =VLOOKUP(E74,'Program Fees'!A20:B42,2,FALSE) -> 35 | G74: Junior | H74: Full time | I74: Carmichael
A75: 9173 | B75: Perkins | C75: Mitchell | D75: BL-ARSC | E75: Psychology | F75: =VLOOKUP(E75,'Program Fees'!A21:B43,2,FALSE) -> 24 | G75: Sophomore | H75: Full time | I75: Newton
A76: 9174 | B76: Roldán Collado | C76: Sigfrido | D76: BL-THTR | E76: Theatre | F76: =VLOOKUP(E76,'Program Fees'!A22:B44,2,FALSE) -> 64 | G76: Junior | H76: Full time | I76: King
A77: 9175 | B77: Lerma Collazo | C77: Davor | D77: BL-BI | E77: Biology | F77: =VLOOKUP(E77,'Program Fees'!A2:B24,2,FALSE) -> 27 | G77: Senior | H77: Full time | I77: Seale
A78: 9176 | B78: Hoppenstedt | C78: Alberto | D78: BL-ENG | E78: English | F78: =VLOOKUP(E78,'Program Fees'!A2:B24,2,) -> 26 | G78: Junior | H78: Full time | I78: Evers
A79: 9177 | B79: Inman | C79: Martha | D79: BL-JOUR | E79: Journalism | F79: =VLOOKUP(E79,'Program Fees'!A3:B25,2,) -> 81 | G79: Senior | H79: Full time | I79: Wilkins
A80: 9178 | B80: Murrah | C80: Ruth | D80: BL-BUS | E80: Business | F80: =VLOOKUP(E80,'Program Fees'!A4:B26,2,) -> 86 | G80: Sophomore | H80: Full time | I80: Evers
A81: 9179 | B81: Urrútia Colón | C81: Umberto | D81: BL-BUS | E81: Business | F81: =VLOOKUP(E81,'Program Fees'!A5:B27,2,) -> 86 | G81: Senior | H81: Full time | I81: Wilkins
A82: 9180 | B82: Thibodeaux | C82: Diana | D82: BL-SCS | E82: Music | F82: =VLOOKUP(E82,'Program Fees'!A6:B28,2,) -> 46 | G82: Sophomore | H82: Full time | I82: Newton
A83: 9181 | B83: Abrams | C83: Laura | D83: BL-SPEA | E83: Public and Environmental Affairs | F83: =VLOOKUP(E83,'Program Fees'!A7:B29,2,) -> 35 | G83: Junior | H83: Full time | I83: Carmichael
A84: 9182 | B84: Harris | C84: Mathew | D84: BL-EDUC | E84: Education | F84: =VLOOKUP(E84,'Program Fees'!A8:B30,2,) -> 74 | G84: Senior | H84: Part time | I84: off-campus
A85: 9183 | B85: Olmos Covas | C85: Diómedes | D85: BL-BUS | E85: Business | F85: =VLOOKUP(E85,'Program Fees'!A2:B24,2,) -> 86 | G85: Sophomore | H85: Full time | I85: Jackson
A86: 9184 | B86: Childers | C86: Corinne | D86: BL-MUS | E86: Music | F86: =VLOOKUP(E86,'Program Fees'!A2:B24,2,) -> 46 | G86: Certificate Grad | H86: Full time | I86: Seale
A87: 9185 | B87: Owens | C87: Maria | D87: BL-BUS | E87: Business | F87: =VLOOKUP(E87,'Program Fees'!A2:B24,2,) -> 86 | G87: Masters | H87: Full time | I87: King
A88: 9186 | B88: Urwin | C88: Marie | D88: BL-SPEA | E88: Public and Environmental Affairs | F88: =VLOOKUP(E88,'Program Fees'!A2:B24,2,) -> 35 | G88: Junior | H88: Full time | I88: Seale
A89: 9187 | B89: Gibson | C89: Bridgett | D89: BL-BUS | E89: Business | F89: =VLOOKUP(E89,'Program Fees'!A2:B24,2,) -> 86 | G89: Senior | H89: Full time | I89: Abernathy
A90: 9188 | B90: Oike | C90: Takumi | D90: BL-ENG | E90: English | F90: =VLOOKUP(E90,'Program Fees'!A2:B24,2,) -> 26 | G90: Senior | H90: Full time | I90: Abernathy
A91: 9189 | B91: Miyabara | C91: Ayato | D91: BL-BI | E91: Biology | F91: =VLOOKUP(E91,'Program Fees'!A2:B24,2,) -> 27 | G91: Senior | H91: Full time | I91: Carmichael
A92: 9190 | B92: Thomas | C92: Travis | D92: BL-MATH | E92: Mathematics | F92: =VLOOKUP(E92,'Program Fees'!A2:B24,2,FALSE) -> 42 | G92: Senior | H92: Full time | I92: Seale
A93: 9191 | B93: Brown | C93: Ashley | D93: BL-BI | E93: Biology | F93: =VLOOKUP(E93,'Program Fees'!A2:B24,2,) -> 27 | G93: Junior | H93: Full time | I93: King
A94: 9192 | B94: Wine | C94: Lorraine | D94: BL-BUS | E94: Business | F94: =VLOOKUP(E94,'Program Fees'!A2:B24,2,) -> 86 | G94: Sophomore | H94: Full time | I94: King
A95: 9193 | B95: Nguyen | C95: Lucia | D95: BL-TELC | E95: Telecommunications | F95: =VLOOKUP(E95,'Program Fees'!A19:B41,2,) -> 41 | G95: Junior | H95: Full time | I95: Abernathy
A96: 9194 | B96: Stone | C96: Lori | D96: BL-LAWS | E96: Law | F96: =VLOOKUP(E96,'Program Fees'!A2:B24,2,) -> 68 | G96: Professional Fourth | H96: Full time | I96: Wilkins
A97: 9195 | B97: Hinds | C97: Audra | D97: BL-EDUC | E97: Education | F97: =VLOOKUP(E97,'Program Fees'!A2:B24,2,) -> 74 | G97: Senior | H97: Full time | I97: Newton
A98: 9196 | B98: Dueñas Delgado | C98: Juvencia | D98: BL-INFO | E98: Informatics | F98: =VLOOKUP(E98,'Program Fees'!A2:B24,2,) -> 85 | G98: Junior | H98: Full time | I98: Wilkins
A99: 9197 | B99: Santillán Delgado | C99: Raimon | D99: BL-MATH | E99: Mathematics | F99: =VLOOKUP(E99,'Program Fees'!A2:B24,2,) -> 42 | G99: Senior | H99: Full time | I99: Jackson
A100: 9198 | B100: Pantoja Domínguez | C100: Tania | D100: BL-AMID | E100: Apparel Merchandising | F100: =VLOOKUP(E100,'Program Fees'!A2:B24,2,) -> 25 | G100: Freshman | H100: Full time | I100: Newton
...

Sheet Program Fees
A1: Program | B1: Fee
A2: Anthropology | B2: 23
A3: Apparel Merchandising | B3: 25
A4: Biology | B4: 27
A5: Business | B5: 86
A6: Communication | B6: 21
A7: Criminal Justice | B7: 60
A8: East Asian Language and Culture | B8: 58
A9: Education | B9: 74
A10: English | B10: 26
A11: Fine Arts | B11: 49
A12: Geology | B12: 36
A13: Health | B13: 58
... A24: Theatre | B24: 64
